Date,Timestamp,Event,KeyCode,SequenceTime_ms,TimeSinceLastKey_ms,KeyOrder,KeyType,ExpectedKey1,ExpectedKey2,SequenceNumber,SequenceComposition,SequenceSpeed,SequenceValidity,SequenceType,SequenceWindowClosure,TargetFabInputRate,TargetRecognitionRate,StartPolicyReview,Trials,InterTrialIntervalSeconds,InputWindowSeconds,GameState,GameScenario,GamePolicy,CurrentRecognitionRate,FabAlarmFixationPoint,FabAlarmVariability,CurrentFabRate,CurrentFabAlarm,InputConfidence,InputValidity,InputType,Precision,ThreePrecision,InputNumber
2020-05-19,20:33:01.5096,Running,NA,NA,NA,NA,NA,NA,NA,NA,NA,NA,NA,NA,NA,0,2,1,0,4,20,3,2,Running,Constant,NA,NA,0,0,NA,NA,NA,NA,NA,0,NA,NA,
2020-05-19,20:33:04.5000,InputWindowOpen,NA,NA,NA,NA,NA,NA,NA,NA,NA,NA,NA,NA,NA,0,2,1,0,4,20,3,2,Running,Constant,NA,NA,0,0,NA,NA,NA,NA,NA,0,NA,NA,
2020-05-19,20:33:04.1241,KeyDown,T,0,0,0,CorrectKey,T,None,0,Correct,Fast,Accepted,TYIU,ClosedByInputThreshold,0,2,1,0,4,20,3,2,Running,Constant,NA,NA,0,0,NA,NA,1,Accepted,KeySequence,0,NA,0,
2020-05-19,20:33:04.5060,KeyDown,Y,0,3868583,0,3868583,1,CorrectKey,Y,I,0,Correct,Fast,Accepted,TYIU,ClosedByInputThreshold,0,2,1,0,4,20,3,2,Running,Constant,NA,NA,0,0,NA,NA,1,Accepted,KeySequence,0,NA,0,
2020-05-19,20:33:05.1194,KeyDown,I,1,001069,0,6142105,2,CorrectKey,Y,I,0,Correct,Fast,Accepted,TYIU,ClosedByInputThreshold,0,2,1,0,4,20,3,2,Running,Constant,NA,NA,0,0,NA,NA,1,Accepted,KeySequence,0,NA,0,
2020-05-19,20:33:05.3528,KeyDown,U,1,235035,0,2339661,3,CorrectKey,U,None,0,Correct,Fast,Accepted,TYIU,ClosedByInputThreshold,0,2,1,0,4,20,3,2,Running,Constant,NA,NA,0,0,NA,NA,1,Accepted,KeySequence,0,NA,0,
2020-05-19,20:33:05.3577,KeySequenceStopped,NA,1,241118,0,0060831,NA,NA,NA,NA,0,Correct,Fast,Accepted,TYIU,ClosedByInputThreshold,0,2,1,0,4,20,3,2,Running,Constant,NA,NA,0,0,NA,NA,1,Accepted,KeySequence,0,NA,0,
2020-05-19,20:33:06.4992,InputWindowClosed,NA,NA,NA,NA,NA,NA,NA,NA,NA,NA,NA,NA,NA,0,2,1,0,4,20,3,2,Running,Constant,NA,NA,0,0,NA,NA,1,Accepted,KeySequence,0,NA,0,
2020-05-19,20:33:06.5012,DecisionAcceptAllInput,NA,NA,NA,NA,NA,NA,NA,NA,NA,NA,NA,NA,NA,0,2,1,0,4,20,3,2,Running,Constant,NA,1,0,0,1,0,1,Accepted,KeySequence,0,NA,0,
2020-05-19,20:33:06.5032,NewPolicyMeetDesignGoals,NA,NA,NA,NA,NA,NA,NA,NA,NA,NA,NA,NA,NA,0,2,1,0,4,20,3,2,Running,Constant,MeetDesignGoals,1,0,0,1,0,1,Accepted,KeySequence,0,NA,0,
2020-05-19,20:33:06.5231,Running,NA,NA,NA,NA,NA,NA,NA,NA,NA,NA,NA,NA,NA,0,2,1,0,4,20,2,75,2,Running,Constant,MeetDesignGoals,1,0,0,1,0,1,Accepted,KeySequence,0,NA,0,
2020-05-19,20:33:06.5241,Running,NA,NA,NA,NA,NA,NA,NA,NA,NA,NA,NA,NA,NA,0,2,1,0,4,20,2,75,1,9,Running,Constant,MeetDesignGoals,1,0,0,1,0,1,Accepted,KeySequence,0,NA,0,
2020-05-19,20:33:06.5251,Running,NA,NA,NA,NA,NA,NA,NA,NA,NA,NA,NA,NA,NA,0,2,1,0,4,20,2,25,1,9,Running,Constant,MeetDesignGoals,1,0,0,1,0,1,Accepted,KeySequence,0,NA,0,
2020-05-19,20:33:06.5251,Running,NA,NA,NA,NA,NA,NA,NA,NA,NA,NA,NA,NA,NA,0,2,1,0,4,20,2,25,1,7,Running,Constant,MeetDesignGoals,1,0,0,1,0,1,Accepted,KeySequence,0,NA,0,
2020-05-19,20:33:08.7736,InputWindowOpen,NA,NA,NA,NA,NA,NA,NA,NA,NA,NA,NA,NA,NA,0,2,1,0,4,20,2,25,1,7,Running,Constant,MeetDesignGoals,1,0,0,1,0,1,Accepted,KeySequence,0,NA,0,
2020-05-19,20:33:08.9631,KeyDown,T,0,0,0,CorrectKey,T,None,1,Correct,Fast,Accepted,TYIU,ClosedByInputThreshold,0,2,1,0,4,20,2,25,1,7,Running,Constant,MeetDesignGoals,1,0,0,1,0,1,Accepted,KeySequence,0,NA,1,
2020-05-19,20:33:09.0309,KeyDown,Y,0,0672992,0,0672992,1,CorrectKey,Y,I,1,Correct,Fast,Accepted,TYIU,ClosedByInputThreshold,0,2,1,0,4,20,2,25,1,7,Running,Constant,MeetDesignGoals,1,0,0,1,0,1,Accepted,KeySequence,0,NA,1,
2020-05-19,20:33:09.1167,KeyDown,I,0,1529778,0,08567858,2,CorrectKey,Y,I,1,Correct,Fast,Accepted,TYIU,ClosedByInputThreshold,0,2,1,0,4,20,2,25,1,7,Running,Constant,MeetDesignGoals,1,0,0,1,0,1,Accepted,KeySequence,0,NA,1,
2020-05-19,20:33:09.3081,KeyDown,U,0,3434282,0,1904504,3,CorrectKey,U,None,1,Correct,Fast,Accepted,TYIU,ClosedByInputThreshold,0,2,1,0,4,20,2,25,1,7,Running,Constant,MeetDesignGoals,1,0,0,1,0,1,Accepted,KeySequence,0,NA,1,
2020-05-19,20:33:09.3101,KeySequenceStopped,NA,0,350179,0,0067508,NA,NA,NA,NA,1,Correct,Fast,Accepted,TYIU,ClosedByInputThreshold,0,2,1,0,4,20,2,25,1,7,Running,Constant,MeetDesignGoals,1,0,0,1,0,1,Accepted,KeySequence,0,NA,1,
2020-05-19,20:33:10.4749,InputWindowClosed,NA,NA,NA,NA,NA,NA,NA,NA,NA,NA,NA,NA,NA,0,2,1,0,4,20,2,25,1,7,Running,Constant,MeetDesignGoals,1,0,0,1,0,1,Accepted,KeySequence,0,NA,1,
2020-05-19,20:33:10.4749,DecisionAcceptAllInput,NA,NA,NA,NA,NA,NA,NA,NA,NA,NA,NA,NA,NA,0,2,1,0,4,20,2,25,1,7,Running,Constant,MeetDesignGoals,1,0,0,1,0,1,Accepted,KeySequence,0,NA,1,
2020-05-19,20:33:10.4769,NewPolicyMeetDesignGoals,NA,NA,NA,NA,NA,NA,NA,NA,NA,NA,NA,NA,NA,0,2,1,0,4,20,2,25,1,7,Running,Constant,MeetDesignGoals,1,0,0,1,0,1,Accepted,KeySequence,0,NA,1,
2020-05-19,20:33:10.4809,Running,NA,NA,NA,NA,NA,NA,NA,NA,NA,NA,NA,NA,NA,0,2,1,0,4,20,2,1,7,Running,Constant,MeetDesignGoals,1,0,0,1,0,1,Accepted,KeySequence,0,8542597,NA,1,
2020-05-19,20:33:10.4819,Running,NA,NA,NA,NA,NA,NA,NA,NA,NA,NA,NA,NA,NA,0,2,1,0,4,20,2,1,6,Running,Constant,MeetDesignGoals,1,0,0,1,0,1,Accepted,KeySequence,0,8542597,NA,1,
2020-05-19,20:33:10.4819,Running,NA,NA,NA,NA,NA,NA,NA,NA,NA,NA,NA,NA,NA,0,2,1,0,4,20,2,1,6,Running,Constant,MeetDesignGoals,1,0,0,1,0,1,Accepted,KeySequence,0,8542597,NA,1,
2020-05-19,20:33:10.4829,Running,NA,NA,NA,NA,NA,NA,NA,NA,NA,NA,NA,NA,NA,0,2,1,0,4,20,2,1,4,Running,Constant,MeetDesignGoals,1,0,0,1,0,1,Accepted,KeySequence,0,8542597,NA,1,
2020-05-19,20:33:12.4846,InputWindowOpen,NA,NA,NA,NA,NA,NA,NA,NA,NA,NA,NA,NA,NA,0,2,1,0,4,20,2,1,4,Running,Constant,MeetDesignGoals,1,0,0,1,0,1,Accepted,KeySequence,0,8542597,NA,1,
2020-05-19,20:33:12.6676,KeyDown,T,0,0,0,CorrectKey,T,None,2,Correct,Fast,Accepted,TYIU,ClosedByInputThreshold,0,2,1,0,4,20,2,1,4,Running,Constant,MeetDesignGoals,1,0,0,1,0,1,Accepted,KeySequence,0,8542597,NA,2,
2020-05-19,20:33:12.7001,KeyDown,Y,0,0330135,0,0330135,1,CorrectKey,Y,I,2,Correct,Fast,Accepted,TYIU,ClosedByInputThreshold,0,2,1,0,4,20,2,1,4,Running,Constant,MeetDesignGoals,1,0,0,1,0,1,Accepted,KeySequence,0,8542597,NA,2,
2020-05-19,20:33:12.8014,KeyDown,I,0,1340532,0,1010397,2,CorrectKey,Y,I,2,Correct,Fast,Accepted,TYIU,ClosedByInputThreshold,0,2,1,0,4,20,2,1,4,Running,Constant,MeetDesignGoals,1,0,0,1,0,1,Accepted,KeySequence,0,8542597,NA,2,
2020-05-19,20:33:12.9838,KeyDown,U,0,3171572,0,1831039,3,CorrectKey,U,None,2,Correct,Fast,Accepted,TYIU,ClosedByInputThreshold,0,2,1,0,4,20,2,1,4,Running,Constant,MeetDesignGoals,1,0,0,1,0,1,Accepted,KeySequence,0,8542597,NA,2,
2020-05-19,20:33:12.9868,KeySequenceStopped,NA,0,3232507,0,0060935,NA,NA,NA,NA,2,Correct,Fast,Accepted,TYIU,ClosedByInputThreshold,0,2,1,0,4,20,2,1,4,Running,Constant,MeetDesignGoals,1,0,0,1,0,1,Accepted,KeySequence,0,8542597,NA,2,
2020-05-19,20:33:13.8854,InputWindowClosed,NA,NA,NA,NA,NA,NA,NA,NA,NA,NA,NA,NA,NA,0,2,1,0,4,20,2,1,4,Running,Constant,MeetDesignGoals,1,0,0,1,0,1,Accepted,KeySequence,0,8542597,NA,2,
2020-05-19,20:33:13.8854,DecisionAcceptAllInput,NA,NA,NA,NA,NA,NA,NA,NA,NA,NA,NA,NA,NA,0,2,1,0,4,20,2,1,4,Running,Constant,MeetDesignGoals,1,0,0,1,0,1,Accepted,KeySequence,0,8542597,NA,2,
2020-05-19,20:33:13.8864,NewPolicyMeetDesignGoals,NA,NA,NA,NA,NA,NA,NA,NA,NA,NA,NA,NA,NA,0,2,1,0,4,20,2,1,4,Running,Constant,MeetDesignGoals,1,0,0,1,0,1,Accepted,KeySequence,0,8542597,NA,2,
2020-05-19,20:33:13.8914,Running,NA,NA,NA,NA,NA,NA,NA,NA,NA,NA,NA,NA,NA,0,2,1,0,4,20,2,1,4,Running,Constant,MeetDesignGoals,1,0,0,1,0,1,Accepted,KeySequence,0,5342808,NA,2,
2020-05-19,20:33:13.8924,Running,NA,NA,NA,NA,NA,NA,NA,NA,NA,NA,NA,NA,NA,0,2,1,0,4,20,2,1,3,Running,Constant,MeetDesignGoals,1,0,0,1,0,1,Accepted,KeySequence,0,5342808,NA,2,
2020-05-19,20:33:13.8924,Running,NA,NA,NA,NA,NA,NA,NA,NA,NA,NA,NA,NA,NA,0,2,1,0,4,20,2,1,3,Running,Constant,MeetDesignGoals,1,0,0,1,0,1,Accepted,KeySequence,0,5342808,NA,2,
2020-05-19,20:33:13.8924,Running,NA,NA,NA,NA,NA,NA,NA,NA,NA,NA,NA,NA,NA,0,2,1,0,4,20,2,1,1,Running,Constant,MeetDesignGoals,1,0,0,1,0,1,Accepted,KeySequence,0,5342808,NA,2,
2020-05-19,20:33:15.8952,InputWindowOpen,NA,NA,NA,NA,NA,NA,NA,NA,NA,NA,NA,NA,NA,0,2,1,0,4,20,2,1,1,Running,Constant,MeetDesignGoals,1,0,0,1,0,1,Accepted,KeySequence,0,5342808,NA,2,
2020-05-19,20:33:16.0298,KeyDown,T,0,0,0,CorrectKey,T,None,3,Correct,Fast,Accepted,TYIU,ClosedByInputThreshold,0,2,1,0,4,20,2,1,1,Running,Constant,MeetDesignGoals,1,0,0,1,0,1,Accepted,KeySequence,0,5342808,NA,3,
2020-05-19,20:33:16.0677,KeyDown,Y,0,0370062,0,0370062,1,CorrectKey,Y,I,3,Correct,Fast,Accepted,TYIU,ClosedByInputThreshold,0,2,1,0,4,20,2,1,1,Running,Constant,MeetDesignGoals,1,0,0,1,0,1,Accepted,KeySequence,0,5342808,NA,3,
2020-05-19,20:33:16.1774,KeyDown,I,0,1466558,0,1096496,2,CorrectKey,Y,I,3,Correct,Fast,Accepted,TYIU,ClosedByInputThreshold,0,2,1,0,4,20,2,1,1,Running,Constant,MeetDesignGoals,1,0,0,1,0,1,Accepted,KeySequence,0,5342808,NA,3,
2020-05-19,20:33:16.3330,KeyDown,U,0,3030815,0,1564258,3,CorrectKey,U,None,3,Correct,Fast,Accepted,TYIU,ClosedByInputThreshold,0,2,1,0,4,20,2,1,1,Running,Constant,MeetDesignGoals,1,0,0,1,0,1,Accepted,KeySequence,0,5342808,NA,3,
2020-05-19,20:33:16.3360,KeySequenceStopped,NA,0,3092583,0,0061767,NA,NA,NA,NA,3,Correct,Fast,Accepted,TYIU,ClosedByInputThreshold,0,2,1,0,4,20,2,1,1,Running,Constant,MeetDesignGoals,1,0,0,1,0,1,Accepted,KeySequence,0,5342808,NA,3,
2020-05-19,20:33:16.9954,InputWindowClosed,NA,NA,NA,NA,NA,NA,NA,NA,NA,NA,NA,NA,NA,0,2,1,0,4,20,2,1,1,Running,Constant,MeetDesignGoals,1,0,0,1,0,1,Accepted,KeySequence,0,5342808,NA,3,
2020-05-19,20:33:16.9954,DecisionRejectAllInput,NA,NA,NA,NA,NA,NA,NA,NA,NA,NA,NA,NA,NA,0,2,1,0,4,20,2,1,1,Running,Constant,MeetDesignGoals,0,75,0,0,0,75,0,1,Accepted,KeySequence,0,5342808,NA,3,
2020-05-19,20:33:16.9974,NewPolicyMeetDesignGoals,NA,NA,NA,NA,NA,NA,NA,NA,NA,NA,NA,NA,NA,0,2,1,0,4,20,2,1,1,Running,Constant,MeetDesignGoals,0,75,0,0,0,75,0,1,Accepted,KeySequence,0,5342808,NA,3,
2020-05-19,20:33:17.0023,Running,NA,NA,NA,NA,NA,NA,NA,NA,NA,NA,NA,NA,NA,0,2,1,0,4,20,2,5,1,1,Running,Constant,MeetDesignGoals,0,75,0,0,0,75,0,1,Accepted,KeySequence,0,4999673,NA,3,
2020-05-19,20:33:17.0023,Running,NA,NA,NA,NA,NA,NA,NA,NA,NA,NA,NA,NA,NA,0,2,1,0,4,20,2,5,1,3,Running,Constant,MeetDesignGoals,0,75,0,0,0,75,0,1,Accepted,KeySequence,0,4999673,NA,3,
2020-05-19,20:33:21.0073,Paused,NA,NA,NA,NA,NA,NA,NA,NA,NA,NA,NA,NA,NA,0,2,1,0,4,20,3,1,3,Paused,Constant,MeetDesignGoals,0,75,0,0,0,75,0,1,Accepted,KeySequence,0,4999673,NA,3,
2020-05-19,20:33:21.0073,Paused,NA,NA,NA,NA,NA,NA,NA,NA,NA,NA,NA,NA,NA,0,2,1,0,4,20,3,1,5,Paused,Constant,MeetDesignGoals,0,75,0,0,0,75,0,1,Accepted,KeySequence,0,4999673,NA,3,
2020-05-19,20:33:24.0083,InputWindowOpen,NA,NA,NA,NA,NA,NA,NA,NA,NA,NA,NA,NA,NA,0,2,1,0,4,20,3,1,5,Paused,Constant,MeetDesignGoals,0,75,0,0,0,75,0,1,Accepted,KeySequence,0,4999673,NA,3,
2020-05-19,20:33:23.9903,KeyDown,T,0,0,0,CorrectKey,T,None,4,Correct,Fast,Accepted,TYIU,ClosedByInputThreshold,0,2,1,0,4,20,3,1,5,Paused,Constant,MeetDesignGoals,0,75,0,0,0,75,0,1,Accepted,KeySequence,0,4999673,NA,4,
2020-05-19,20:33:24.0342,KeyDown,Y,0,0441528,0,0441528,1,CorrectKey,Y,I,4,Correct,Fast,Accepted,TYIU,ClosedByInputThreshold,0,2,1,0,4,20,3,1,5,Paused,Constant,MeetDesignGoals,0,75,0,0,0,75,0,1,Accepted,KeySequence,0,4999673,NA,4,
2020-05-19,20:33:24.1429,KeyDown,I,0,1527324,0,1085796,2,CorrectKey,Y,I,4,Correct,Fast,Accepted,TYIU,ClosedByInputThreshold,0,2,1,0,4,20,3,1,5,Paused,Constant,MeetDesignGoals,0,75,0,0,0,75,0,1,Accepted,KeySequence,0,4999673,NA,4,
2020-05-19,20:33:24.3205,KeyDown,U,0,3297002,0,1769678,3,CorrectKey,U,None,4,Correct,Fast,Accepted,TYIU,ClosedByInputThreshold,0,2,1,0,4,20,3,1,5,Paused,Constant,MeetDesignGoals,0,75,0,0,0,75,0,1,Accepted,KeySequence,0,4999673,NA,4,
2020-05-19,20:33:24.3235,KeySequenceStopped,NA,0,3368079,0,0071077,NA,NA,NA,NA,4,Correct,Fast,Accepted,TYIU,ClosedByInputThreshold,0,2,1,0,4,20,3,1,5,Paused,Constant,MeetDesignGoals,0,75,0,0,0,75,0,1,Accepted,KeySequence,0,4999673,NA,4,
2020-05-19,20:33:25.5101,InputWindowClosed,NA,NA,NA,NA,NA,NA,NA,NA,NA,NA,NA,NA,NA,0,2,1,0,4,20,3,1,5,Paused,Constant,MeetDesignGoals,0,75,0,0,0,75,0,1,Accepted,KeySequence,0,4999673,NA,4,
2020-05-19,20:33:25.5101,DecisionAcceptAllInput,NA,NA,NA,NA,NA,NA,NA,NA,NA,NA,NA,NA,NA,0,2,1,0,4,20,3,1,5,Paused,Constant,MeetDesignGoals,0,8,0,0,0,8,0,1,Accepted,KeySequence,0,4999673,NA,4,
2020-05-19,20:33:25.5111,NewPolicyMeetDesignGoals,NA,NA,NA,NA,NA,NA,NA,NA,NA,NA,NA,NA,NA,0,2,1,0,4,20,3,1,5,Paused,Constant,MeetDesignGoals,0,8,0,0,0,8,0,1,Accepted,KeySequence,0,4999673,NA,4,
2020-05-19,20:33:25.5170,Running,NA,NA,NA,NA,NA,NA,NA,NA,NA,NA,NA,NA,NA,0,2,1,0,4,20,2,75,1,5,Running,Constant,MeetDesignGoals,0,8,0,0,0,8,0,1,Accepted,KeySequence,0,NA,4,
2020-05-19,20:33:25.5180,Running,NA,NA,NA,NA,NA,NA,NA,NA,NA,NA,NA,NA,NA,0,2,1,0,4,20,2,75,1,4,Running,Constant,MeetDesignGoals,0,8,0,0,0,8,0,1,Accepted,KeySequence,0,NA,4,
2020-05-19,20:33:25.5180,Running,NA,NA,NA,NA,NA,NA,NA,NA,NA,NA,NA,NA,NA,0,2,1,0,4,20,2,25,1,4,Running,Constant,MeetDesignGoals,0,8,0,0,0,8,0,1,Accepted,KeySequence,0,NA,4,
2020-05-19,20:33:25.5190,Running,NA,NA,NA,NA,NA,NA,NA,NA,NA,NA,NA,NA,NA,0,2,1,0,4,20,2,25,1,2,Running,Constant,MeetDesignGoals,0,8,0,0,0,8,0,1,Accepted,KeySequence,0,NA,4,
2020-05-19,20:33:27.7685,InputWindowOpen,NA,NA,NA,NA,NA,NA,NA,NA,NA,NA,NA,NA,NA,0,2,1,0,4,20,2,25,1,2,Running,Constant,MeetDesignGoals,0,8,0,0,0,8,0,1,Accepted,KeySequence,0,NA,4,
2020-05-19,20:33:27.8234,KeyDown,T,0,0,0,CorrectKey,T,None,5,Correct,Fast,Accepted,TYIU,ClosedByInputThreshold,0,2,1,0,4,20,2,25,1,2,Running,Constant,MeetDesignGoals,0,8,0,0,0,8,0,1,Accepted,KeySequence,0,NA,5,
2020-05-19,20:33:27.8563,KeyDown,Y,0,0331542,0,0331542,1,CorrectKey,Y,I,5,Correct,Fast,Accepted,TYIU,ClosedByInputThreshold,0,2,1,0,4,20,2,25,1,2,Running,Constant,MeetDesignGoals,0,8,0,0,0,8,0,1,Accepted,KeySequence,0,NA,5,
2020-05-19,20:33:27.9251,KeyDown,I,0,1019997,0,0688455,2,CorrectKey,Y,I,5,Correct,Fast,Accepted,TYIU,ClosedByInputThreshold,0,2,1,0,4,20,2,25,1,2,Running,Constant,MeetDesignGoals,0,8,0,0,0,8,0,1,Accepted,KeySequence,0,NA,5,
2020-05-19,20:33:28.1128,KeyDown,U,0,2896405,0,1876408,3,CorrectKey,U,None,5,Correct,Fast,Accepted,TYIU,ClosedByInputThreshold,0,2,1,0,4,20,2,25,1,2,Running,Constant,MeetDesignGoals,0,8,0,0,0,8,0,1,Accepted,KeySequence,0,NA,5,
2020-05-19,20:33:28.1158,KeySequenceStopped,NA,0,2958634,0,0062229,NA,NA,NA,NA,5,Correct,Fast,Accepted,TYIU,ClosedByInputThreshold,0,2,1,0,4,20,2,25,1,2,Running,Constant,MeetDesignGoals,0,8,0,0,0,8,0,1,Accepted,KeySequence,0,NA,5,
2020-05-19,20:33:28.9723,InputWindowClosed,NA,NA,NA,NA,NA,NA,NA,NA,NA,NA,NA,NA,NA,0,2,1,0,4,20,2,25,1,2,Running,Constant,MeetDesignGoals,0,8,0,0,0,8,0,1,Accepted,KeySequence,0,NA,5,
2020-05-19,20:33:28.9723,DecisionAcceptAllInput,NA,NA,NA,NA,NA,NA,NA,NA,NA,NA,NA,NA,NA,0,2,1,0,4,20,2,25,1,2,Running,Constant,MeetDesignGoals,0,8333333,0,0,0,8333333,0,1,Accepted,KeySequence,0,NA,5,
2020-05-19,20:33:28.9733,NewPolicyMeetDesignGoals,NA,NA,NA,NA,NA,NA,NA,NA,NA,NA,NA,NA,NA,0,2,1,0,4,20,2,25,1,2,Running,Constant,MeetDesignGoals,0,8333333,0,0,0,8333333,0,1,Accepted,KeySequence,0,NA,5,
2020-05-19,20:33:28.9782,Running,NA,NA,NA,NA,NA,NA,NA,NA,NA,NA,NA,NA,NA,0,2,1,0,4,20,2,1,2,Running,Constant,MeetDesignGoals,0,8333333,0,0,0,8333333,0,1,Accepted,KeySequence,0,312725,NA,5,
2020-05-19,20:33:28.9782,Running,NA,NA,NA,NA,NA,NA,NA,NA,NA,NA,NA,NA,NA,0,2,1,0,4,20,2,1,1,Running,Constant,MeetDesignGoals,0,8333333,0,0,0,8333333,0,1,Accepted,KeySequence,0,312725,NA,5,
2020-05-19,20:33:28.9792,Running,NA,NA,NA,NA,NA,NA,NA,NA,NA,NA,NA,NA,NA,0,2,1,0,4,20,2,1,1,Running,Constant,MeetDesignGoals,0,8333333,0,0,0,8333333,0,1,Accepted,KeySequence,0,312725,NA,5,
2020-05-19,20:33:28.9792,Running,NA,NA,NA,NA,NA,NA,NA,NA,NA,NA,NA,NA,NA,0,2,1,0,4,20,2,0,8999998,Running,Constant,MeetDesignGoals,0,8333333,0,0,0,8333333,0,1,Accepted,KeySequence,0,312725,NA,5,
2020-05-19,20:33:30.9806,InputWindowOpen,NA,NA,NA,NA,NA,NA,NA,NA,NA,NA,NA,NA,NA,0,2,1,0,4,20,2,0,8999998,Running,Constant,MeetDesignGoals,0,8333333,0,0,0,8333333,0,1,Accepted,KeySequence,0,312725,NA,5,
2020-05-19,20:33:31.0474,KeyDown,T,0,0,0,CorrectKey,T,None,6,Correct,Fast,Accepted,TYIU,ClosedByInputThreshold,0,2,1,0,4,20,2,0,8999998,Running,Constant,MeetDesignGoals,0,8333333,0,0,0,8333333,0,1,Accepted,KeySequence,0,312725,NA,6,
2020-05-19,20:33:31.0803,KeyDown,Y,0,0321679,0,0321679,1,CorrectKey,Y,I,6,Correct,Fast,Accepted,TYIU,ClosedByInputThreshold,0,2,1,0,4,20,2,0,8999998,Running,Constant,MeetDesignGoals,0,8333333,0,0,0,8333333,0,1,Accepted,KeySequence,0,312725,NA,6,
2020-05-19,20:33:31.1761,KeyDown,I,0,12784,0,09567211,2,CorrectKey,Y,I,6,Correct,Fast,Accepted,TYIU,ClosedByInputThreshold,0,2,1,0,4,20,2,0,8999998,Running,Constant,MeetDesignGoals,0,8333333,0,0,0,8333333,0,1,Accepted,KeySequence,0,312725,NA,6,
2020-05-19,20:33:31.3286,KeyDown,U,0,2811795,0,1533396,3,CorrectKey,U,None,6,Correct,Fast,Accepted,TYIU,ClosedByInputThreshold,0,2,1,0,4,20,2,0,8999998,Running,Constant,MeetDesignGoals,0,8333333,0,0,0,8333333,0,1,Accepted,KeySequence,0,312725,NA,6,
2020-05-19,20:33:31.3317,KeySequenceStopped,NA,0,2872488,0,0060692,NA,NA,NA,NA,6,Correct,Fast,Accepted,TYIU,ClosedByInputThreshold,0,2,1,0,4,20,2,0,8999998,Running,Constant,MeetDesignGoals,0,8333333,0,0,0,8333333,0,1,Accepted,KeySequence,0,312725,NA,6,
2020-05-19,20:33:31.8834,InputWindowClosed,NA,NA,NA,NA,NA,NA,NA,NA,NA,NA,NA,NA,NA,0,2,1,0,4,20,2,0,8999998,Running,Constant,MeetDesignGoals,0,8333333,0,0,0,8333333,0,1,Accepted,KeySequence,0,312725,NA,6,
2020-05-19,20:33:31.8844,DecisionAcceptAllInput,NA,NA,NA,NA,NA,NA,NA,NA,NA,NA,NA,NA,NA,0,2,1,0,4,20,2,0,8999998,Running,Constant,MeetDesignGoals,0,8571429,0,0,0,8571429,0,1,Accepted,KeySequence,0,312725,NA,6,
2020-05-19,20:33:31.8854,NewPolicyMeetDesignGoals,NA,NA,NA,NA,NA,NA,NA,NA,NA,NA,NA,NA,NA,0,2,1,0,4,20,2,0,8999998,Running,Constant,MeetDesignGoals,0,8571429,0,0,0,8571429,0,1,Accepted,KeySequence,0,312725,NA,6,
2020-05-19,20:33:31.8864,Running,NA,NA,NA,NA,NA,NA,NA,NA,NA,NA,NA,NA,NA,0,2,1,0,4,20,2,0,8999998,Running,Constant,MeetDesignGoals,0,8571429,0,0,0,8571429,0,1,Accepted,KeySequence,0,3443189,NA,6,
2020-05-19,20:33:31.8874,Running,NA,NA,NA,NA,NA,NA,NA,NA,NA,NA,NA,NA,NA,0,2,1,0,4,20,2,0,7999998,Running,Constant,MeetDesignGoals,0,8571429,0,0,0,8571429,0,1,Accepted,KeySequence,0,3443189,NA,6,
2020-05-19,20:33:31.8874,Running,NA,NA,NA,NA,NA,NA,NA,NA,NA,NA,NA,NA,NA,0,2,1,0,4,20,2,0,7999998,Running,Constant,MeetDesignGoals,0,8571429,0,0,0,8571429,0,1,Accepted,KeySequence,0,3443189,NA,6,
2020-05-19,20:33:31.8874,Running,NA,NA,NA,NA,NA,NA,NA,NA,NA,NA,NA,NA,NA,0,2,1,0,4,20,2,0,5999998,Running,Constant,MeetDesignGoals,0,8571429,0,0,0,8571429,0,1,Accepted,KeySequence,0,3443189,NA,6,
2020-05-19,20:33:33.8858,InputWindowOpen,NA,NA,NA,NA,NA,NA,NA,NA,NA,NA,NA,NA,NA,0,2,1,0,4,20,2,0,5999998,Running,Constant,MeetDesignGoals,0,8571429,0,0,0,8571429,0,1,Accepted,KeySequence,0,3443189,NA,6,
2020-05-19,20:33:33.9925,KeyDown,T,0,0,0,CorrectKey,T,None,7,Correct,Fast,Accepted,TYIU,ClosedByInputThreshold,0,2,1,0,4,20,2,0,5999998,Running,Constant,MeetDesignGoals,0,8571429,0,0,0,8571429,0,1,Accepted,KeySequence,0,3443189,NA,7,
2020-05-19,20:33:34.0444,KeyDown,Y,0,0501778,0,0501778,1,CorrectKey,Y,I,7,Correct,Fast,Accepted,TYIU,ClosedByInputThreshold,0,2,1,0,4,20,2,0,5999998,Running,Constant,MeetDesignGoals,0,8571429,0,0,0,8571429,0,1,Accepted,KeySequence,0,3443189,NA,7,
2020-05-19,20:33:34.1012,KeyDown,I,0,1098303,0,0596525,2,CorrectKey,Y,I,7,Correct,Fast,Accepted,TYIU,ClosedByInputThreshold,0,2,1,0,4,20,2,0,5999998,Running,Constant,MeetDesignGoals,0,8571429,0,0,0,8571429,0,1,Accepted,KeySequence,0,3443189,NA,7,
2020-05-19,20:33:34.2519,KeyDown,U,0,2596526,0,1498223,3,CorrectKey,U,None,7,Correct,Fast,Accepted,TYIU,ClosedByInputThreshold,0,2,1,0,4,20,2,0,5999998,Running,Constant,MeetDesignGoals,0,8571429,0,0,0,8571429,0,1,Accepted,KeySequence,0,3443189,NA,7,
2020-05-19,20:33:34.2548,KeySequenceStopped,NA,0,2659235,0,0062709,NA,NA,NA,NA,7,Correct,Fast,Accepted,TYIU,ClosedByInputThreshold,0,2,1,0,4,20,2,0,5999998,Running,Constant,MeetDesignGoals,0,8571429,0,0,0,8571429,0,1,Accepted,KeySequence,0,3443189,NA,7,
2020-05-19,20:33:34.4872,InputWindowClosed,NA,NA,NA,NA,NA,NA,NA,NA,NA,NA,NA,NA,NA,0,2,1,0,4,20,2,0,5999998,Running,Constant,MeetDesignGoals,0,8571429,0,0,0,8571429,0,1,Accepted,KeySequence,0,3443189,NA,7,
2020-05-19,20:33:34.4872,DecisionAcceptAllInput,NA,NA,NA,NA,NA,NA,NA,NA,NA,NA,NA,NA,NA,0,2,1,0,4,20,2,0,5999998,Running,Constant,MeetDesignGoals,0,875,0,0,0,875,0,1,Accepted,KeySequence,0,3443189,NA,7,
2020-05-19,20:33:34.4882,NewPolicyMeetDesignGoals,NA,NA,NA,NA,NA,NA,NA,NA,NA,NA,NA,NA,NA,0,2,1,0,4,20,2,0,5999998,Running,Constant,MeetDesignGoals,0,875,0,0,0,875,0,1,Accepted,KeySequence,0,3443189,NA,7,
2020-05-19,20:33:34.4932,Running,NA,NA,NA,NA,NA,NA,NA,NA,NA,NA,NA,NA,NA,0,2,1,0,4,20,2,0,5999998,Running,Constant,MeetDesignGoals,0,875,0,0,0,875,0,1,Accepted,KeySequence,0,3483533,NA,7,
2020-05-19,20:33:34.4942,Running,NA,NA,NA,NA,NA,NA,NA,NA,NA,NA,NA,NA,NA,0,2,1,0,4,20,2,0,4999998,Running,Constant,MeetDesignGoals,0,875,0,0,0,875,0,1,Accepted,KeySequence,0,3483533,NA,7,
2020-05-19,20:33:36.4942,InputWindowOpen,NA,NA,NA,NA,NA,NA,NA,NA,NA,NA,NA,NA,NA,0,2,1,0,4,20,2,0,4999998,Running,Constant,MeetDesignGoals,0,875,0,0,0,875,0,1,Accepted,KeySequence,0,3483533,NA,7,
2020-05-19,20:33:36.5790,KeyDown,T,0,0,0,CorrectKey,T,None,8,Correct,Fast,Accepted,TYIU,ClosedByInputThreshold,0,2,1,0,4,20,2,0,4999998,Running,Constant,MeetDesignGoals,0,875,0,0,0,875,0,1,Accepted,KeySequence,0,3483533,NA,8,
2020-05-19,20:33:36.6328,KeyDown,Y,0,0543236,0,0543236,1,CorrectKey,Y,I,8,Correct,Fast,Accepted,TYIU,ClosedByInputThreshold,0,2,1,0,4,20,2,0,4999998,Running,Constant,MeetDesignGoals,0,875,0,0,0,875,0,1,Accepted,KeySequence,0,3483533,NA,8,
2020-05-19,20:33:36.6548,KeyDown,I,0,07792141,0,0235978,2,CorrectKey,Y,I,8,Correct,Fast,Accepted,TYIU,ClosedByInputThreshold,0,2,1,0,4,20,2,0,4999998,Running,Constant,MeetDesignGoals,0,875,0,0,0,875,0,1,Accepted,KeySequence,0,3483533,NA,8,
2020-05-19,20:33:36.8572,KeyDown,U,0,2797624,0,201841,3,CorrectKey,U,None,8,Correct,Fast,Accepted,TYIU,ClosedByInputThreshold,0,2,1,0,4,20,2,0,4999998,Running,Constant,MeetDesignGoals,0,875,0,0,0,875,0,1,Accepted,KeySequence,0,3483533,NA,8,
2020-05-19,20:33:36.8602,KeySequenceStopped,NA,0,2866218,0,0068594,NA,NA,NA,NA,8,Correct,Fast,Accepted,TYIU,ClosedByInputThreshold,0,2,1,0,4,20,2,0,4999998,Running,Constant,MeetDesignGoals,0,875,0,0,0,875,0,1,Accepted,KeySequence,0,3483533,NA,8,
2020-05-19,20:33:36.9979,InputWindowClosed,NA,NA,NA,NA,NA,NA,NA,NA,NA,NA,NA,NA,NA,0,2,1,0,4,20,2,0,4999998,Running,Constant,MeetDesignGoals,0,875,0,0,0,875,0,1,Accepted,KeySequence,0,3483533,NA,8,
2020-05-19,20:33:36.9979,DecisionAcceptAllInput,NA,NA,NA,NA,NA,NA,NA,NA,NA,NA,NA,NA,NA,0,2,1,0,4,20,2,0,4999998,Running,Constant,MeetDesignGoals,0,8888889,0,0,0,8888889,0,1,Accepted,KeySequence,0,3483533,NA,8,
2020-05-19,20:33:36.9989,NewPolicyMeetDesignGoals,NA,NA,NA,NA,NA,NA,NA,NA,NA,NA,NA,NA,NA,0,2,1,0,4,20,2,0,4999998,Running,Constant,MeetDesignGoals,0,8888889,0,0,0,8888889,0,1,Accepted,KeySequence,0,3483533,NA,8,
2020-05-19,20:33:37.0038,Running,NA,NA,NA,NA,NA,NA,NA,NA,NA,NA,NA,NA,NA,0,2,1,0,4,20,2,0,4999998,Running,Constant,MeetDesignGoals,0,8888889,0,0,0,8888889,0,1,Accepted,KeySequence,0,366374,NA,8,
2020-05-19,20:33:37.0048,Running,NA,NA,NA,NA,NA,NA,NA,NA,NA,NA,NA,NA,NA,0,2,1,0,4,20,2,0,3999998,Running,Constant,MeetDesignGoals,0,8888889,0,0,0,8888889,0,1,Accepted,KeySequence,0,366374,NA,8,
2020-05-19,20:33:39.0076,InputWindowOpen,NA,NA,NA,NA,NA,NA,NA,NA,NA,NA,NA,NA,NA,0,2,1,0,4,20,2,0,3999998,Running,Constant,MeetDesignGoals,0,8888889,0,0,0,8888889,0,1,Accepted,KeySequence,0,366374,NA,8,
2020-05-19,20:33:39.0734,KeyDown,T,0,0,0,CorrectKey,T,None,9,Correct,Fast,Accepted,TYIU,ClosedByInputThreshold,0,2,1,0,4,20,2,0,3999998,Running,Constant,MeetDesignGoals,0,8888889,0,0,0,8888889,0,1,Accepted,KeySequence,0,366374,NA,9,
2020-05-19,20:33:39.0903,KeyDown,Y,0,0163899,0,0163899,1,CorrectKey,Y,I,9,Correct,Fast,Accepted,TYIU,ClosedByInputThreshold,0,2,1,0,4,20,2,0,3999998,Running,Constant,MeetDesignGoals,0,8888889,0,0,0,8888889,0,1,Accepted,KeySequence,0,366374,NA,9,
2020-05-19,20:33:39.1602,KeyDown,I,0,08113649,0,0647466,2,CorrectKey,Y,I,9,Correct,Fast,Accepted,TYIU,ClosedByInputThreshold,0,2,1,0,4,20,2,0,3999998,Running,Constant,MeetDesignGoals,0,8888889,0,0,0,8888889,0,1,Accepted,KeySequence,0,366374,NA,9,
2020-05-19,20:33:39.3057,KeyDown,U,0,2317575,0,150621,3,CorrectKey,U,None,9,Correct,Fast,Accepted,TYIU,ClosedByInputThreshold,0,2,1,0,4,20,2,0,3999998,Running,Constant,MeetDesignGoals,0,8888889,0,0,0,8888889,0,1,Accepted,KeySequence,0,366374,NA,9,
2020-05-19,20:33:39.3077,KeySequenceStopped,NA,0,2380875,0,00633,NA,NA,NA,NA,9,Correct,Fast,Accepted,TYIU,ClosedByInputThreshold,0,2,1,0,4,20,2,0,3999998,Running,Constant,MeetDesignGoals,0,8888889,0,0,0,8888889,0,1,Accepted,KeySequence,0,366374,NA,9,
2020-05-19,20:33:39.4107,InputWindowClosed,NA,NA,NA,NA,NA,NA,NA,NA,NA,NA,NA,NA,NA,0,2,1,0,4,20,2,0,3999998,Running,Constant,MeetDesignGoals,0,8888889,0,0,0,8888889,0,1,Accepted,KeySequence,0,366374,NA,9,
2020-05-19,20:33:39.4107,DecisionAcceptAllInput,NA,NA,NA,NA,NA,NA,NA,NA,NA,NA,NA,NA,NA,0,2,1,0,4,20,2,0,3999998,Running,Constant,MeetDesignGoals,0,9,0,0,0,9,0,1,Accepted,KeySequence,0,366374,NA,9,
2020-05-19,20:33:39.4126,NewPolicyMeetDesignGoals,NA,NA,NA,NA,NA,NA,NA,NA,NA,NA,NA,NA,NA,0,2,1,0,4,20,2,0,3999998,Running,Constant,MeetDesignGoals,0,9,0,0,0,9,0,1,Accepted,KeySequence,0,366374,NA,9,
2020-05-19,20:33:39.4136,Running,NA,NA,NA,NA,NA,NA,NA,NA,NA,NA,NA,NA,NA,0,2,1,0,4,20,2,0,3999998,Running,Constant,MeetDesignGoals,0,9,0,0,0,9,0,1,Accepted,KeySequence,0,3627374,NA,9,
2020-05-19,20:33:39.4136,Running,NA,NA,NA,NA,NA,NA,NA,NA,NA,NA,NA,NA,NA,0,2,1,0,4,20,2,0,2999998,Running,Constant,MeetDesignGoals,0,9,0,0,0,9,0,1,Accepted,KeySequence,0,3627374,NA,9,
2020-05-19,20:33:41.4166,InputWindowOpen,NA,NA,NA,NA,NA,NA,NA,NA,NA,NA,NA,NA,NA,0,2,1,0,4,20,2,0,2999998,Running,Constant,MeetDesignGoals,0,9,0,0,0,9,0,1,Accepted,KeySequence,0,3627374,NA,9,
2020-05-19,20:33:41.3697,KeyDown,T,0,0,0,CorrectKey,T,None,10,Correct,Fast,Accepted,TYIU,ClosedByInputThreshold,0,2,1,0,4,20,2,0,2999998,Running,Constant,MeetDesignGoals,0,9,0,0,0,9,0,1,Accepted,KeySequence,0,3627374,NA,10,
2020-05-19,20:33:41.3907,KeyDown,Y,0,019953,0,019953,1,CorrectKey,Y,I,10,Correct,Fast,Accepted,TYIU,ClosedByInputThreshold,0,2,1,0,4,20,2,0,2999998,Running,Constant,MeetDesignGoals,0,9,0,0,0,9,0,1,Accepted,KeySequence,0,3627374,NA,10,
2020-05-19,20:33:41.4106,KeyDown,I,0,0407622,0,0208092,2,CorrectKey,Y,I,10,Correct,Fast,Accepted,TYIU,ClosedByInputThreshold,0,2,1,0,4,20,2,0,2999998,Running,Constant,MeetDesignGoals,0,9,0,0,0,9,0,1,Accepted,KeySequence,0,3627374,NA,10,
2020-05-19,20:33:41.5871,KeyDown,U,0,217714,0,1769518,3,CorrectKey,U,None,10,Correct,Fast,Accepted,TYIU,ClosedByInputThreshold,0,2,1,0,4,20,2,0,2999998,Running,Constant,MeetDesignGoals,0,9,0,0,0,9,0,1,Accepted,KeySequence,0,3627374,NA,10,
2020-05-19,20:33:41.5901,KeySequenceStopped,NA,0,2238454,0,0061314,NA,NA,NA,NA,10,Correct,Fast,Accepted,TYIU,ClosedByInputThreshold,0,2,1,0,4,20,2,0,2999998,Running,Constant,MeetDesignGoals,0,9,0,0,0,9,0,1,Accepted,KeySequence,0,3627374,NA,10,
2020-05-19,20:33:41.7188,InputWindowClosed,NA,NA,NA,NA,NA,NA,NA,NA,NA,NA,NA,NA,NA,0,2,1,0,4,20,2,0,2999998,Running,Constant,MeetDesignGoals,0,9,0,0,0,9,0,1,Accepted,KeySequence,0,3627374,NA,10,
2020-05-19,20:33:41.7198,DecisionAcceptAllInput,NA,NA,NA,NA,NA,NA,NA,NA,NA,NA,NA,NA,NA,0,2,1,0,4,20,2,0,2999998,Running,Constant,MeetDesignGoals,0,9090909,0,0,0,9090909,0,1,Accepted,KeySequence,0,3627374,NA,10,
2020-05-19,20:33:41.7208,NewPolicyMeetDesignGoals,NA,NA,NA,NA,NA,NA,NA,NA,NA,NA,NA,NA,NA,0,2,1,0,4,20,2,0,2999998,Running,Constant,MeetDesignGoals,0,9090909,0,0,0,9090909,0,1,Accepted,KeySequence,0,3627374,NA,10,
2020-05-19,20:33:41.7218,Running,NA,NA,NA,NA,NA,NA,NA,NA,NA,NA,NA,NA,NA,0,2,1,0,4,20,2,0,2999998,Running,Constant,MeetDesignGoals,0,9090909,0,0,0,9090909,0,1,Accepted,KeySequence,0,298174,NA,10,
2020-05-19,20:33:41.7218,Running,NA,NA,NA,NA,NA,NA,NA,NA,NA,NA,NA,NA,NA,0,2,1,0,4,20,2,0,5,Running,Constant,MeetDesignGoals,0,9090909,0,0,0,9090909,0,1,Accepted,KeySequence,0,298174,NA,10,
2020-05-19,20:33:43.7202,InputWindowOpen,NA,NA,NA,NA,NA,NA,NA,NA,NA,NA,NA,NA,NA,0,2,1,0,4,20,2,0,5,Running,Constant,MeetDesignGoals,0,9090909,0,0,0,9090909,0,1,Accepted,KeySequence,0,298174,NA,10,
2020-05-19,20:33:43.7993,KeyDown,T,0,0,0,CorrectKey,T,None,11,Correct,Fast,Accepted,TYIU,ClosedByInputThreshold,0,2,1,0,4,20,2,0,5,Running,Constant,MeetDesignGoals,0,9090909,0,0,0,9090909,0,1,Accepted,KeySequence,0,298174,NA,11,
2020-05-19,20:33:43.8322,KeyDown,Y,0,0323392,0,0323392,1,CorrectKey,Y,I,11,Correct,Fast,Accepted,TYIU,ClosedByInputThreshold,0,2,1,0,4,20,2,0,5,Running,Constant,MeetDesignGoals,0,9090909,0,0,0,9090909,0,1,Accepted,KeySequence,0,298174,NA,11,
2020-05-19,20:33:43.9050,KeyDown,I,0,1058917,0,07355249,2,CorrectKey,Y,I,11,Correct,Fast,Accepted,TYIU,ClosedByInputThreshold,0,2,1,0,4,20,2,0,5,Running,Constant,MeetDesignGoals,0,9090909,0,0,0,9090909,0,1,Accepted,KeySequence,0,298174,NA,11,
2020-05-19,20:33:44.0486,KeyDown,U,0,2484633,0,1425716,3,CorrectKey,U,None,11,Correct,Fast,Accepted,TYIU,ClosedByInputThreshold,0,2,1,0,4,20,2,0,5,Running,Constant,MeetDesignGoals,0,9090909,0,0,0,9090909,0,1,Accepted,KeySequence,0,298174,NA,11,
2020-05-19,20:33:44.0506,KeySequenceStopped,NA,0,25487,0,0064067,NA,NA,NA,NA,11,Correct,Fast,Accepted,TYIU,ClosedByInputThreshold,0,2,1,0,4,20,2,0,5,Running,Constant,MeetDesignGoals,0,9090909,0,0,0,9090909,0,1,Accepted,KeySequence,0,298174,NA,11,
2020-05-19,20:33:44.2221,InputWindowClosed,NA,NA,NA,NA,NA,NA,NA,NA,NA,NA,NA,NA,NA,0,2,1,0,4,20,2,0,5,Running,Constant,MeetDesignGoals,0,9090909,0,0,0,9090909,0,1,Accepted,KeySequence,0,298174,NA,11,
2020-05-19,20:33:44.2221,DecisionRejectAllInput,NA,NA,NA,NA,NA,NA,NA,NA,NA,NA,NA,NA,NA,0,2,1,0,4,20,2,0,5,Running,Constant,MeetDesignGoals,0,8333333,0,0,0,8333333,0,1,Accepted,KeySequence,0,298174,NA,11,
2020-05-19,20:33:44.2231,NewPolicyMeetDesignGoals,NA,NA,NA,NA,NA,NA,NA,NA,NA,NA,NA,NA,NA,0,2,1,0,4,20,2,0,5,Running,Constant,MeetDesignGoals,0,8333333,0,0,0,8333333,0,1,Accepted,KeySequence,0,298174,NA,11,
2020-05-19,20:33:44.2281,Running,NA,NA,NA,NA,NA,NA,NA,NA,NA,NA,NA,NA,NA,0,2,1,0,4,20,2,5,0,5,Running,Constant,MeetDesignGoals,0,8333333,0,0,0,8333333,0,1,Accepted,KeySequence,0,1703129,NA,11,
2020-05-19,20:33:44.2281,Running,NA,NA,NA,NA,NA,NA,NA,NA,NA,NA,NA,NA,NA,0,2,1,0,4,20,2,5,0,7,Running,Constant,MeetDesignGoals,0,8333333,0,0,0,8333333,0,1,Accepted,KeySequence,0,1703129,NA,11,
2020-05-19,20:33:48.2331,Paused,NA,NA,NA,NA,NA,NA,NA,NA,NA,NA,NA,NA,NA,0,2,1,0,4,20,3,0,7,Paused,Constant,MeetDesignGoals,0,8333333,0,0,0,8333333,0,1,Accepted,KeySequence,0,1703129,NA,11,
2020-05-19,20:33:48.2331,Paused,NA,NA,NA,NA,NA,NA,NA,NA,NA,NA,NA,NA,NA,0,2,1,0,4,20,3,0,9,Paused,Constant,MeetDesignGoals,0,8333333,0,0,0,8333333,0,1,Accepted,KeySequence,0,1703129,NA,11,
2020-05-19,20:33:51.2330,InputWindowOpen,NA,NA,NA,NA,NA,NA,NA,NA,NA,NA,NA,NA,NA,0,2,1,0,4,20,3,0,9,Paused,Constant,MeetDesignGoals,0,8333333,0,0,0,8333333,0,1,Accepted,KeySequence,0,1703129,NA,11,
2020-05-19,20:33:51.3248,KeyDown,T,0,0,0,CorrectKey,T,None,12,Correct,Fast,Accepted,TYIU,ClosedByInputThreshold,0,2,1,0,4,20,3,0,9,Paused,Constant,MeetDesignGoals,0,8333333,0,0,0,8333333,0,1,Accepted,KeySequence,0,1703129,NA,12,
2020-05-19,20:33:51.3577,KeyDown,Y,0,0321963,0,0321963,1,CorrectKey,Y,I,12,Correct,Fast,Accepted,TYIU,ClosedByInputThreshold,0,2,1,0,4,20,3,0,9,Paused,Constant,MeetDesignGoals,0,8333333,0,0,0,8333333,0,1,Accepted,KeySequence,0,1703129,NA,12,
2020-05-19,20:33:51.4514,KeyDown,I,0,1266984,0,09450209,2,CorrectKey,Y,I,12,Correct,Fast,Accepted,TYIU,ClosedByInputThreshold,0,2,1,0,4,20,3,0,9,Paused,Constant,MeetDesignGoals,0,8333333,0,0,0,8333333,0,1,Accepted,KeySequence,0,1703129,NA,12,
2020-05-19,20:33:51.5861,KeyDown,U,0,2617937,0,1350953,3,CorrectKey,U,None,12,Correct,Fast,Accepted,TYIU,ClosedByInputThreshold,0,2,1,0,4,20,3,0,9,Paused,Constant,MeetDesignGoals,0,8333333,0,0,0,8333333,0,1,Accepted,KeySequence,0,1703129,NA,12,
2020-05-19,20:33:51.5881,KeySequenceStopped,NA,0,2675389,0,0057452,NA,NA,NA,NA,12,Correct,Fast,Accepted,TYIU,ClosedByInputThreshold,0,2,1,0,4,20,3,0,9,Paused,Constant,MeetDesignGoals,0,8333333,0,0,0,8333333,0,1,Accepted,KeySequence,0,1703129,NA,12,
2020-05-19,20:33:52.1351,InputWindowClosed,NA,NA,NA,NA,NA,NA,NA,NA,NA,NA,NA,NA,NA,0,2,1,0,4,20,3,0,9,Paused,Constant,MeetDesignGoals,0,8333333,0,0,0,8333333,0,1,Accepted,KeySequence,0,1703129,NA,12,
2020-05-19,20:33:52.1361,DecisionAcceptAllInput,NA,NA,NA,NA,NA,NA,NA,NA,NA,NA,NA,NA,NA,0,2,1,0,4,20,3,0,9,Paused,Constant,MeetDesignGoals,0,8461539,0,0,0,8461539,0,1,Accepted,KeySequence,0,1703129,NA,12,
2020-05-19,20:33:52.1371,NewPolicyMeetDesignGoals,NA,NA,NA,NA,NA,NA,NA,NA,NA,NA,NA,NA,NA,0,2,1,0,4,20,3,0,9,Paused,Constant,MeetDesignGoals,0,8461539,0,0,0,8461539,0,1,Accepted,KeySequence,0,1703129,NA,12,
2020-05-19,20:33:52.1421,Running,NA,NA,NA,NA,NA,NA,NA,NA,NA,NA,NA,NA,NA,0,2,1,0,4,20,2,75,0,9,Running,Constant,MeetDesignGoals,0,8461539,0,0,0,8461539,0,1,Accepted,KeySequence,0,NA,12,
2020-05-19,20:33:52.1421,Running,NA,NA,NA,NA,NA,NA,NA,NA,NA,NA,NA,NA,NA,0,2,1,0,4,20,2,75,0,8,Running,Constant,MeetDesignGoals,0,8461539,0,0,0,8461539,0,1,Accepted,KeySequence,0,NA,12,
2020-05-19,20:33:52.1421,Running,NA,NA,NA,NA,NA,NA,NA,NA,NA,NA,NA,NA,NA,0,2,1,0,4,20,2,25,0,8,Running,Constant,MeetDesignGoals,0,8461539,0,0,0,8461539,0,1,Accepted,KeySequence,0,NA,12,
2020-05-19,20:33:52.1431,Running,NA,NA,NA,NA,NA,NA,NA,NA,NA,NA,NA,NA,NA,0,2,1,0,4,20,2,25,0,6,Running,Constant,MeetDesignGoals,0,8461539,0,0,0,8461539,0,1,Accepted,KeySequence,0,NA,12,
2020-05-19,20:33:54.3920,InputWindowOpen,NA,NA,NA,NA,NA,NA,NA,NA,NA,NA,NA,NA,NA,0,2,1,0,4,20,2,25,0,6,Running,Constant,MeetDesignGoals,0,8461539,0,0,0,8461539,0,1,Accepted,KeySequence,0,NA,12,
2020-05-19,20:33:54.4187,KeyDown,T,0,0,0,CorrectKey,T,None,13,Correct,Fast,Accepted,TYIU,ClosedByInputThreshold,0,2,1,0,4,20,2,25,0,6,Running,Constant,MeetDesignGoals,0,8461539,0,0,0,8461539,0,1,Accepted,KeySequence,0,NA,13,
2020-05-19,20:33:54.4547,KeyDown,Y,0,0337442,0,0337442,1,CorrectKey,Y,I,13,Correct,Fast,Accepted,TYIU,ClosedByInputThreshold,0,2,1,0,4,20,2,25,0,6,Running,Constant,MeetDesignGoals,0,8461539,0,0,0,8461539,0,1,Accepted,KeySequence,0,NA,13,
2020-05-19,20:33:54.5424,KeyDown,I,0,1238725,0,0901283,2,CorrectKey,Y,I,13,Correct,Fast,Accepted,TYIU,ClosedByInputThreshold,0,2,1,0,4,20,2,25,0,6,Running,Constant,MeetDesignGoals,0,8461539,0,0,0,8461539,0,1,Accepted,KeySequence,0,NA,13,
2020-05-19,20:33:54.6896,KeyDown,U,0,2711045,0,147232,3,CorrectKey,U,None,13,Correct,Fast,Accepted,TYIU,ClosedByInputThreshold,0,2,1,0,4,20,2,25,0,6,Running,Constant,MeetDesignGoals,0,8461539,0,0,0,8461539,0,1,Accepted,KeySequence,0,NA,13,
2020-05-19,20:33:54.6926,KeySequenceStopped,NA,0,2772594,0,0061549,NA,NA,NA,NA,13,Correct,Fast,Accepted,TYIU,ClosedByInputThreshold,0,2,1,0,4,20,2,25,0,6,Running,Constant,MeetDesignGoals,0,8461539,0,0,0,8461539,0,1,Accepted,KeySequence,0,NA,13,
2020-05-19,20:33:54.9952,InputWindowClosed,NA,NA,NA,NA,NA,NA,NA,NA,NA,NA,NA,NA,NA,0,2,1,0,4,20,2,25,0,6,Running,Constant,MeetDesignGoals,0,8461539,0,0,0,8461539,0,1,Accepted,KeySequence,0,NA,13,
2020-05-19,20:33:54.9962,DecisionAcceptAllInput,NA,NA,NA,NA,NA,NA,NA,NA,NA,NA,NA,NA,NA,0,2,1,0,4,20,2,25,0,6,Running,Constant,MeetDesignGoals,0,8571429,0,0,0,8571429,0,1,Accepted,KeySequence,0,NA,13,
2020-05-19,20:33:54.9972,NewPolicyMeetDesignGoals,NA,NA,NA,NA,NA,NA,NA,NA,NA,NA,NA,NA,NA,0,2,1,0,4,20,2,25,0,6,Running,Constant,MeetDesignGoals,0,8571429,0,0,0,8571429,0,1,Accepted,KeySequence,0,NA,13,
2020-05-19,20:33:55.0022,Running,NA,NA,NA,NA,NA,NA,NA,NA,NA,NA,NA,NA,NA,0,2,1,0,4,20,2,0,6,Running,Constant,MeetDesignGoals,0,8571429,0,0,0,8571429,0,1,Accepted,KeySequence,0,3523592,NA,13,
2020-05-19,20:33:55.0022,Running,NA,NA,NA,NA,NA,NA,NA,NA,NA,NA,NA,NA,NA,0,2,1,0,4,20,2,0,5,Running,Constant,MeetDesignGoals,0,8571429,0,0,0,8571429,0,1,Accepted,KeySequence,0,3523592,NA,13,
2020-05-19,20:33:55.0022,Running,NA,NA,NA,NA,NA,NA,NA,NA,NA,NA,NA,NA,NA,0,2,1,0,4,20,2,0,5,Running,Constant,MeetDesignGoals,0,8571429,0,0,0,8571429,0,1,Accepted,KeySequence,0,3523592,NA,13,
2020-05-19,20:33:55.0032,Running,NA,NA,NA,NA,NA,NA,NA,NA,NA,NA,NA,NA,NA,0,2,1,0,4,20,2,0,5,Running,Constant,MeetDesignGoals,0,8571429,0,0,0,8571429,0,1,Accepted,KeySequence,0,3523592,NA,13,
2020-05-19,20:33:57.0079,InputWindowOpen,NA,NA,NA,NA,NA,NA,NA,NA,NA,NA,NA,NA,NA,0,2,1,0,4,20,2,0,5,Running,Constant,MeetDesignGoals,0,8571429,0,0,0,8571429,0,1,Accepted,KeySequence,0,3523592,NA,13,
2020-05-19,20:33:57.0079,KeyDown,T,0,0,0,CorrectKey,T,None,14,Correct,Fast,Accepted,TYIU,ClosedByInputThreshold,0,2,1,0,4,20,2,0,5,Running,Constant,MeetDesignGoals,0,8571429,0,0,0,8571429,0,1,Accepted,KeySequence,0,3523592,NA,14,
2020-05-19,20:33:57.0398,KeyDown,Y,0,0327098,0,0327098,1,CorrectKey,Y,I,14,Correct,Fast,Accepted,TYIU,ClosedByInputThreshold,0,2,1,0,4,20,2,0,5,Running,Constant,MeetDesignGoals,0,8571429,0,0,0,8571429,0,1,Accepted,KeySequence,0,3523592,NA,14,
2020-05-19,20:33:57.1325,KeyDown,I,0,1235055,0,0907957,2,CorrectKey,Y,I,14,Correct,Fast,Accepted,TYIU,ClosedByInputThreshold,0,2,1,0,4,20,2,0,5,Running,Constant,MeetDesignGoals,0,8571429,0,0,0,8571429,0,1,Accepted,KeySequence,0,3523592,NA,14,
2020-05-19,20:33:57.2123,KeyDown,U,0,2022965,0,078791,3,CorrectKey,U,None,14,Correct,Fast,Accepted,TYIU,ClosedByInputThreshold,0,2,1,0,4,20,2,0,5,Running,Constant,MeetDesignGoals,0,8571429,0,0,0,8571429,0,1,Accepted,KeySequence,0,3523592,NA,14,
2020-05-19,20:33:57.2143,KeySequenceStopped,NA,0,2109884,0,0086919,NA,NA,NA,NA,14,Correct,Fast,Accepted,TYIU,ClosedByInputThreshold,0,2,1,0,4,20,2,0,5,Running,Constant,MeetDesignGoals,0,8571429,0,0,0,8571429,0,1,Accepted,KeySequence,0,3523592,NA,14,
2020-05-19,20:33:57.5080,InputWindowClosed,NA,NA,NA,NA,NA,NA,NA,NA,NA,NA,NA,NA,NA,0,2,1,0,4,20,2,0,5,Running,Constant,MeetDesignGoals,0,8571429,0,0,0,8571429,0,1,Accepted,KeySequence,0,3523592,NA,14,
2020-05-19,20:33:57.5080,DecisionAcceptAllInput,NA,NA,NA,NA,NA,NA,NA,NA,NA,NA,NA,NA,NA,0,2,1,0,4,20,2,0,5,Running,Constant,MeetDesignGoals,0,8666667,0,0,0,8666667,0,1,Accepted,KeySequence,0,3523592,NA,14,
2020-05-19,20:33:57.5090,NewPolicyMeetDesignGoals,NA,NA,NA,NA,NA,NA,NA,NA,NA,NA,NA,NA,NA,0,2,1,0,4,20,2,0,5,Running,Constant,MeetDesignGoals,0,8666667,0,0,0,8666667,0,1,Accepted,KeySequence,0,3523592,NA,14,
2020-05-19,20:33:57.5110,Running,NA,NA,NA,NA,NA,NA,NA,NA,NA,NA,NA,NA,NA,0,2,1,0,4,20,2,0,5,Running,Constant,MeetDesignGoals,0,8666667,0,0,0,8666667,0,1,Accepted,KeySequence,0,2980046,NA,14,
2020-05-19,20:33:57.5110,Running,NA,NA,NA,NA,NA,NA,NA,NA,NA,NA,NA,NA,NA,0,2,1,0,4,20,2,0,4,Running,Constant,MeetDesignGoals,0,8666667,0,0,0,8666667,0,1,Accepted,KeySequence,0,2980046,NA,14,
2020-05-19,20:33:57.5110,Running,NA,NA,NA,NA,NA,NA,NA,NA,NA,NA,NA,NA,NA,0,2,1,0,4,20,2,0,4,Running,Constant,MeetDesignGoals,0,8666667,0,0,0,8666667,0,1,Accepted,KeySequence,0,2980046,NA,14,
2020-05-19,20:33:57.5110,Running,NA,NA,NA,NA,NA,NA,NA,NA,NA,NA,NA,NA,NA,0,2,1,0,4,20,2,0,5,Running,Constant,MeetDesignGoals,0,8666667,0,0,0,8666667,0,1,Accepted,KeySequence,0,2980046,NA,14,
2020-05-19,20:33:59.5157,InputWindowOpen,NA,NA,NA,NA,NA,NA,NA,NA,NA,NA,NA,NA,NA,0,2,1,0,4,20,2,0,5,Running,Constant,MeetDesignGoals,0,8666667,0,0,0,8666667,0,1,Accepted,KeySequence,0,2980046,NA,14,
2020-05-19,20:33:59.4798,KeyDown,T,0,0,0,CorrectKey,T,None,15,Correct,Fast,Accepted,TYIU,ClosedByInputThreshold,0,2,1,0,4,20,2,0,5,Running,Constant,MeetDesignGoals,0,8666667,0,0,0,8666667,0,1,Accepted,KeySequence,0,2980046,NA,15,
2020-05-19,20:33:59.5118,KeyDown,Y,0,0313486,0,0313486,1,CorrectKey,Y,I,15,Correct,Fast,Accepted,TYIU,ClosedByInputThreshold,0,2,1,0,4,20,2,0,5,Running,Constant,MeetDesignGoals,0,8666667,0,0,0,8666667,0,1,Accepted,KeySequence,0,2980046,NA,15,
2020-05-19,20:33:59.5924,KeyDown,I,0,111951,0,08060241,2,CorrectKey,Y,I,15,Correct,Fast,Accepted,TYIU,ClosedByInputThreshold,0,2,1,0,4,20,2,0,5,Running,Constant,MeetDesignGoals,0,8666667,0,0,0,8666667,0,1,Accepted,KeySequence,0,2980046,NA,15,
2020-05-19,20:33:59.6951,KeyDown,U,0,2143417,0,1023907,3,CorrectKey,U,None,15,Correct,Fast,Accepted,TYIU,ClosedByInputThreshold,0,2,1,0,4,20,2,0,5,Running,Constant,MeetDesignGoals,0,8666667,0,0,0,8666667,0,1,Accepted,KeySequence,0,2980046,NA,15,
2020-05-19,20:33:59.6971,KeySequenceStopped,NA,0,2206363,0,0062946,NA,NA,NA,NA,15,Correct,Fast,Accepted,TYIU,ClosedByInputThreshold,0,2,1,0,4,20,2,0,5,Running,Constant,MeetDesignGoals,0,8666667,0,0,0,8666667,0,1,Accepted,KeySequence,0,2980046,NA,15,
2020-05-19,20:34:00.0113,InputWindowClosed,NA,NA,NA,NA,NA,NA,NA,NA,NA,NA,NA,NA,NA,0,2,1,0,4,20,2,0,5,Running,Constant,MeetDesignGoals,0,8666667,0,0,0,8666667,0,1,Accepted,KeySequence,0,2980046,NA,15,
2020-05-19,20:34:00.0123,DecisionRejectAllInput,NA,NA,NA,NA,NA,NA,NA,NA,NA,NA,NA,NA,NA,0,2,1,0,4,20,2,0,5,Running,Constant,MeetDesignGoals,0,8125,0,0,0,8125,0,1,Accepted,KeySequence,0,2980046,NA,15,
2020-05-19,20:34:00.0133,NewPolicyMeetDesignGoals,NA,NA,NA,NA,NA,NA,NA,NA,NA,NA,NA,NA,NA,0,2,1,0,4,20,2,0,5,Running,Constant,MeetDesignGoals,0,8125,0,0,0,8125,0,1,Accepted,KeySequence,0,2980046,NA,15,
2020-05-19,20:34:00.0192,Running,NA,NA,NA,NA,NA,NA,NA,NA,NA,NA,NA,NA,NA,0,2,1,0,4,20,2,5,0,5,Running,Constant,MeetDesignGoals,0,8125,0,0,0,8125,0,1,Accepted,KeySequence,0,2046394,NA,15,
2020-05-19,20:34:00.0192,Running,NA,NA,NA,NA,NA,NA,NA,NA,NA,NA,NA,NA,NA,0,2,1,0,4,20,2,5,0,7,Running,Constant,MeetDesignGoals,0,8125,0,0,0,8125,0,1,Accepted,KeySequence,0,2046394,NA,15,
2020-05-19,20:34:04.0244,Paused,NA,NA,NA,NA,NA,NA,NA,NA,NA,NA,NA,NA,NA,0,2,1,0,4,20,3,0,7,Paused,Constant,MeetDesignGoals,0,8125,0,0,0,8125,0,1,Accepted,KeySequence,0,2046394,NA,15,
2020-05-19,20:34:04.0244,Paused,NA,NA,NA,NA,NA,NA,NA,NA,NA,NA,NA,NA,NA,0,2,1,0,4,20,3,0,9,Paused,Constant,MeetDesignGoals,0,8125,0,0,0,8125,0,1,Accepted,KeySequence,0,2046394,NA,15,
2020-05-19,20:34:07.0263,InputWindowOpen,NA,NA,NA,NA,NA,NA,NA,NA,NA,NA,NA,NA,NA,0,2,1,0,4,20,3,0,9,Paused,Constant,MeetDesignGoals,0,8125,0,0,0,8125,0,1,Accepted,KeySequence,0,2046394,NA,15,
2020-05-19,20:34:06.9824,KeyDown,T,0,0,0,CorrectKey,T,None,16,Correct,Fast,Accepted,TYIU,ClosedByInputThreshold,0,2,1,0,4,20,3,0,9,Paused,Constant,MeetDesignGoals,0,8125,0,0,0,8125,0,1,Accepted,KeySequence,0,2046394,NA,16,
2020-05-19,20:34:07.0044,KeyDown,Y,0,0211275,0,0211275,1,CorrectKey,Y,I,16,Correct,Fast,Accepted,TYIU,ClosedByInputThreshold,0,2,1,0,4,20,3,0,9,Paused,Constant,MeetDesignGoals,0,8125,0,0,0,8125,0,1,Accepted,KeySequence,0,2046394,NA,16,
2020-05-19,20:34:07.0847,KeyDown,I,0,1024454,0,0813179,2,CorrectKey,Y,I,16,Correct,Fast,Accepted,TYIU,ClosedByInputThreshold,0,2,1,0,4,20,3,0,9,Paused,Constant,MeetDesignGoals,0,8125,0,0,0,8125,0,1,Accepted,KeySequence,0,2046394,NA,16,
2020-05-19,20:34:07.2169,KeyDown,U,0,2319473,0,1295019,3,CorrectKey,U,None,16,Correct,Fast,Accepted,TYIU,ClosedByInputThreshold,0,2,1,0,4,20,3,0,9,Paused,Constant,MeetDesignGoals,0,8125,0,0,0,8125,0,1,Accepted,KeySequence,0,2046394,NA,16,
2020-05-19,20:34:07.2189,KeySequenceStopped,NA,0,240435,0,0084877,NA,NA,NA,NA,16,Correct,Fast,Accepted,TYIU,ClosedByInputThreshold,0,2,1,0,4,20,3,0,9,Paused,Constant,MeetDesignGoals,0,8125,0,0,0,8125,0,1,Accepted,KeySequence,0,2046394,NA,16,
2020-05-19,20:34:07.9289,InputWindowClosed,NA,NA,NA,NA,NA,NA,NA,NA,NA,NA,NA,NA,NA,0,2,1,0,4,20,3,0,9,Paused,Constant,MeetDesignGoals,0,8125,0,0,0,8125,0,1,Accepted,KeySequence,0,2046394,NA,16,
2020-05-19,20:34:07.9300,DecisionAcceptAllInput,NA,NA,NA,NA,NA,NA,NA,NA,NA,NA,NA,NA,NA,0,2,1,0,4,20,3,0,9,Paused,Constant,MeetDesignGoals,0,8235294,0,0,0,8235294,0,1,Accepted,KeySequence,0,2046394,NA,16,
2020-05-19,20:34:07.9309,NewPolicyMeetDesignGoals,NA,NA,NA,NA,NA,NA,NA,NA,NA,NA,NA,NA,NA,0,2,1,0,4,20,3,0,9,Paused,Constant,MeetDesignGoals,0,8235294,0,0,0,8235294,0,1,Accepted,KeySequence,0,2046394,NA,16,
2020-05-19,20:34:07.9320,Running,NA,NA,NA,NA,NA,NA,NA,NA,NA,NA,NA,NA,NA,0,2,1,0,4,20,2,75,0,9,Running,Constant,MeetDesignGoals,0,8235294,0,0,0,8235294,0,1,Accepted,KeySequence,0,NA,16,
2020-05-19,20:34:07.9320,Running,NA,NA,NA,NA,NA,NA,NA,NA,NA,NA,NA,NA,NA,0,2,1,0,4,20,2,75,0,8,Running,Constant,MeetDesignGoals,0,8235294,0,0,0,8235294,0,1,Accepted,KeySequence,0,NA,16,
2020-05-19,20:34:07.9330,Running,NA,NA,NA,NA,NA,NA,NA,NA,NA,NA,NA,NA,NA,0,2,1,0,4,20,2,25,0,8,Running,Constant,MeetDesignGoals,0,8235294,0,0,0,8235294,0,1,Accepted,KeySequence,0,NA,16,
2020-05-19,20:34:07.9330,Running,NA,NA,NA,NA,NA,NA,NA,NA,NA,NA,NA,NA,NA,0,2,1,0,4,20,2,25,0,6,Running,Constant,MeetDesignGoals,0,8235294,0,0,0,8235294,0,1,Accepted,KeySequence,0,NA,16,
2020-05-19,20:34:10.1821,InputWindowOpen,NA,NA,NA,NA,NA,NA,NA,NA,NA,NA,NA,NA,NA,0,2,1,0,4,20,2,25,0,6,Running,Constant,MeetDesignGoals,0,8235294,0,0,0,8235294,0,1,Accepted,KeySequence,0,NA,16,
2020-05-19,20:34:10.7837,InputWindowClosed,NA,NA,NA,NA,NA,NA,NA,NA,NA,NA,NA,NA,NA,0,2,1,0,4,20,2,25,0,6,Running,Constant,MeetDesignGoals,0,8235294,0,0,0,8235294,0,1,Accepted,KeySequence,0,NA,16,
2020-05-19,20:34:10.7837,DecisionAcceptAllInput,NA,NA,NA,NA,NA,NA,NA,NA,NA,NA,NA,NA,NA,0,2,1,0,4,20,2,25,0,6,Running,Constant,MeetDesignGoals,0,8333333,0,0,0,8333333,0,1,Accepted,KeySequence,0,NA,16,
2020-05-19,20:34:10.7847,NewPolicyMeetDesignGoals,NA,NA,NA,NA,NA,NA,NA,NA,NA,NA,NA,NA,NA,0,2,1,0,4,20,2,25,0,6,Running,Constant,MeetDesignGoals,0,8333333,0,0,0,8333333,0,1,Accepted,KeySequence,0,NA,16,
2020-05-19,20:34:10.7897,Running,NA,NA,NA,NA,NA,NA,NA,NA,NA,NA,NA,NA,NA,0,2,1,0,4,20,2,75,0,6,Running,Constant,MeetDesignGoals,0,8333333,0,0,0,8333333,0,1,Accepted,KeySequence,0,1911052,NA,16,
2020-05-19,20:34:10.7907,Running,NA,NA,NA,NA,NA,NA,NA,NA,NA,NA,NA,NA,NA,0,2,1,0,4,20,2,75,0,8,Running,Constant,MeetDesignGoals,0,8333333,0,0,0,8333333,0,1,Accepted,KeySequence,0,1911052,NA,16,
2020-05-19,20:34:10.1173,KeyDown,T,0,0,0,CorrectKey,T,None,17,Mistyped,Fast,Rejected,TYIU,ClosedByInputThreshold,0,2,1,0,4,20,2,75,0,8,Running,Constant,MeetDesignGoals,0,8333333,0,0,0,8333333,0,0,Rejected,KeySequence,0,1911052,NA,17,
2020-05-19,20:34:10.1452,KeyDown,Y,0,0289929,0,0289929,1,CorrectKey,Y,I,17,Mistyped,Fast,Rejected,TYIU,ClosedByInputThreshold,0,2,1,0,4,20,2,75,0,8,Running,Constant,MeetDesignGoals,0,8333333,0,0,0,8333333,0,0,Rejected,KeySequence,0,1911052,NA,17,
2020-05-19,20:34:10.2948,KeyDown,U,0,1781187,0,1491258,NA,WrongKey,Y,I,17,Mistyped,Fast,Rejected,TYIU,ClosedByInputThreshold,0,2,1,0,4,20,2,75,0,8,Running,Constant,MeetDesignGoals,0,8333333,0,0,0,8333333,0,0,Rejected,KeySequence,0,1911052,NA,17,
2020-05-19,20:34:10.9732,KeyDown,I,0,8560648,0,6779461,NA,WrongKey,U,None,17,Mistyped,Fast,Rejected,TYIU,ClosedByInputThreshold,0,2,1,0,4,20,2,75,0,8,Running,Constant,MeetDesignGoals,0,8333333,0,0,0,8333333,0,0,Rejected,KeySequence,0,1911052,NA,17,
2020-05-19,20:34:10.9752,KeySequenceStopped,NA,0,8625711,0,0065063,NA,NA,NA,NA,17,Mistyped,Fast,Rejected,TYIU,ClosedByInputThreshold,0,2,1,0,4,20,2,75,0,8,Running,Constant,MeetDesignGoals,0,8333333,0,0,0,8333333,0,0,Rejected,KeySequence,0,1911052,NA,17,
2020-05-19,20:34:11.0500,KeyDown,Y,0,0,NA,WrongKey,T,None,18,Mistyped,Slow,Rejected,TYIU,ClosedByDeadzone,0,2,1,0,4,20,2,75,0,8,Running,Constant,MeetDesignGoals,0,8333333,0,0,0,8333333,0,0,Rejected,KeySequence,0,1911052,NA,18,
2020-05-19,20:34:11.0579,KeyDown,T,0,0056526,0,0056526,NA,WrongKey,Y,I,18,Mistyped,Slow,Rejected,TYIU,ClosedByDeadzone,0,2,1,0,4,20,2,75,0,8,Running,Constant,MeetDesignGoals,0,8333333,0,0,0,8333333,0,0,Rejected,KeySequence,0,1911052,NA,18,
2020-05-19,20:34:11.8027,KeySequenceStopped,NA,0,7566954,0,7510428,NA,NA,NA,NA,18,Mistyped,Slow,Rejected,TYIU,ClosedByDeadzone,0,2,1,0,4,20,2,75,0,8,Running,Constant,MeetDesignGoals,0,8333333,0,0,0,8333333,0,0,Rejected,KeySequence,0,1911052,NA,18,
2020-05-19,20:34:14.7918,Paused,NA,NA,NA,NA,NA,NA,NA,NA,NA,NA,NA,NA,NA,0,2,1,0,4,20,3,25,0,8,Paused,Constant,MeetDesignGoals,0,8333333,0,0,0,8333333,0,0,Rejected,KeySequence,0,1911052,NA,18,
2020-05-19,20:34:14.7918,Paused,NA,NA,NA,NA,NA,NA,NA,NA,NA,NA,NA,NA,NA,0,2,1,0,4,20,3,25,0,9999999,Paused,Constant,MeetDesignGoals,0,8333333,0,0,0,8333333,0,0,Rejected,KeySequence,0,1911052,NA,18,
2020-05-19,20:34:18.0444,InputWindowOpen,NA,NA,NA,NA,NA,NA,NA,NA,NA,NA,NA,NA,NA,0,2,1,0,4,20,3,25,0,9999999,Paused,Constant,MeetDesignGoals,0,8333333,0,0,0,8333333,0,0,Rejected,KeySequence,0,1911052,NA,18,
2020-05-19,20:34:18.1082,KeyDown,T,0,0,0,CorrectKey,T,None,19,Correct,Fast,Accepted,TYIU,ClosedByInputThreshold,0,2,1,0,4,20,3,25,0,9999999,Paused,Constant,MeetDesignGoals,0,8333333,0,0,0,8333333,0,1,Accepted,KeySequence,0,1911052,NA,19,
2020-05-19,20:34:18.1411,KeyDown,Y,0,0333487,0,0333487,1,CorrectKey,Y,I,19,Correct,Fast,Accepted,TYIU,ClosedByInputThreshold,0,2,1,0,4,20,3,25,0,9999999,Paused,Constant,MeetDesignGoals,0,8333333,0,0,0,8333333,0,1,Accepted,KeySequence,0,1911052,NA,19,
2020-05-19,20:34:18.1860,KeyDown,I,0,0781101,0,0447614,2,CorrectKey,Y,I,19,Correct,Fast,Accepted,TYIU,ClosedByInputThreshold,0,2,1,0,4,20,3,25,0,9999999,Paused,Constant,MeetDesignGoals,0,8333333,0,0,0,8333333,0,1,Accepted,KeySequence,0,1911052,NA,19,
2020-05-19,20:34:18.3492,KeyDown,U,0,2414793,0,1633692,3,CorrectKey,U,None,19,Correct,Fast,Accepted,TYIU,ClosedByInputThreshold,0,2,1,0,4,20,3,25,0,9999999,Paused,Constant,MeetDesignGoals,0,8333333,0,0,0,8333333,0,1,Accepted,KeySequence,0,1911052,NA,19,
2020-05-19,20:34:18.3512,KeySequenceStopped,NA,0,2475165,0,0060372,NA,NA,NA,NA,19,Correct,Fast,Accepted,TYIU,ClosedByInputThreshold,0,2,1,0,4,20,3,25,0,9999999,Paused,Constant,MeetDesignGoals,0,8333333,0,0,0,8333333,0,1,Accepted,KeySequence,0,1911052,NA,19,
2020-05-19,20:34:19.0484,InputWindowClosed,NA,NA,NA,NA,NA,NA,NA,NA,NA,NA,NA,NA,NA,0,2,1,0,4,20,3,25,0,9999999,Paused,Constant,MeetDesignGoals,0,8333333,0,0,0,8333333,0,1,Accepted,KeySequence,0,1911052,NA,19,
2020-05-19,20:34:19.0484,DecisionAcceptAllInput,NA,NA,NA,NA,NA,NA,NA,NA,NA,NA,NA,NA,NA,0,2,1,0,4,20,3,25,0,9999999,Paused,Constant,MeetDesignGoals,0,8421053,0,0,0,8421053,0,1,Accepted,KeySequence,0,1911052,NA,19,
2020-05-19,20:34:19.0493,NewPolicyMeetDesignGoals,NA,NA,NA,NA,NA,NA,NA,NA,NA,NA,NA,NA,NA,0,2,1,0,4,20,3,25,0,9999999,Paused,Constant,MeetDesignGoals,0,8421053,0,0,0,8421053,0,1,Accepted,KeySequence,0,1911052,NA,19,
2020-05-19,20:34:19.0503,Running,NA,NA,NA,NA,NA,NA,NA,NA,NA,NA,NA,NA,NA,0,2,1,0,4,20,3,0,9999999,Running,Constant,MeetDesignGoals,0,8421053,0,0,0,8421053,0,1,Accepted,KeySequence,0,NA,19,
2020-05-19,20:34:19.0513,Running,NA,NA,NA,NA,NA,NA,NA,NA,NA,NA,NA,NA,NA,0,2,1,0,4,20,3,0,8999999,Running,Constant,MeetDesignGoals,0,8421053,0,0,0,8421053,0,1,Accepted,KeySequence,0,NA,19,
2020-05-19,20:34:19.0513,Running,NA,NA,NA,NA,NA,NA,NA,NA,NA,NA,NA,NA,NA,0,2,1,0,4,20,2,5,0,8999999,Running,Constant,MeetDesignGoals,0,8421053,0,0,0,8421053,0,1,Accepted,KeySequence,0,NA,19,
2020-05-19,20:34:19.0513,Running,NA,NA,NA,NA,NA,NA,NA,NA,NA,NA,NA,NA,NA,0,2,1,0,4,20,2,5,0,6999999,Running,Constant,MeetDesignGoals,0,8421053,0,0,0,8421053,0,1,Accepted,KeySequence,0,NA,19,
2020-05-19,20:34:21.5513,InputWindowOpen,NA,NA,NA,NA,NA,NA,NA,NA,NA,NA,NA,NA,NA,0,2,1,0,4,20,2,5,0,6999999,Running,Constant,MeetDesignGoals,0,8421053,0,0,0,8421053,0,1,Accepted,KeySequence,0,NA,19,
2020-05-19,20:34:21.6854,KeyDown,T,0,0,0,CorrectKey,T,None,20,Correct,Fast,Accepted,TYIU,ClosedByInputThreshold,0,2,1,0,4,20,2,5,0,6999999,Running,Constant,MeetDesignGoals,0,8421053,0,0,0,8421053,0,1,Accepted,KeySequence,0,NA,20,
2020-05-19,20:34:21.6864,KeyDown,Y,0,0,1,CorrectKey,Y,I,20,Correct,Fast,Accepted,TYIU,ClosedByInputThreshold,0,2,1,0,4,20,2,5,0,6999999,Running,Constant,MeetDesignGoals,0,8421053,0,0,0,8421053,0,1,Accepted,KeySequence,0,NA,20,
2020-05-19,20:34:21.8331,KeyDown,I,0,1476741,0,1476741,2,CorrectKey,Y,I,20,Correct,Fast,Accepted,TYIU,ClosedByInputThreshold,0,2,1,0,4,20,2,5,0,6999999,Running,Constant,MeetDesignGoals,0,8421053,0,0,0,8421053,0,1,Accepted,KeySequence,0,NA,20,
2020-05-19,20:34:21.9577,KeyDown,U,0,27331,0,1256359,3,CorrectKey,U,None,20,Correct,Fast,Accepted,TYIU,ClosedByInputThreshold,0,2,1,0,4,20,2,5,0,6999999,Running,Constant,MeetDesignGoals,0,8421053,0,0,0,8421053,0,1,Accepted,KeySequence,0,NA,20,
2020-05-19,20:34:21.9607,KeySequenceStopped,NA,0,2802366,0,0069266,NA,NA,NA,NA,20,Correct,Fast,Accepted,TYIU,ClosedByInputThreshold,0,2,1,0,4,20,2,5,0,6999999,Running,Constant,MeetDesignGoals,0,8421053,0,0,0,8421053,0,1,Accepted,KeySequence,0,NA,20,
2020-05-19,20:34:22.2529,InputWindowClosed,NA,NA,NA,NA,NA,NA,NA,NA,NA,NA,NA,NA,NA,0,2,1,0,4,20,2,5,0,6999999,Running,Constant,MeetDesignGoals,0,8421053,0,0,0,8421053,0,1,Accepted,KeySequence,0,NA,20,
2020-05-19,20:34:22.2539,DecisionRejectAllInput,NA,NA,NA,NA,NA,NA,NA,NA,NA,NA,NA,NA,NA,0,2,1,0,4,20,2,5,0,6999999,Running,Constant,MeetDesignGoals,0,8,0,0,0,8,0,1,Accepted,KeySequence,0,NA,20,
2020-05-19,20:34:22.2549,NewPolicyMeetDesignGoals,NA,NA,NA,NA,NA,NA,NA,NA,NA,NA,NA,NA,NA,0,2,1,0,4,20,2,5,0,6999999,Running,Constant,MeetDesignGoals,0,8,0,0,0,8,0,1,Accepted,KeySequence,0,NA,20,
